{"acc/top1": 0.0, "acc/top5": 0.0, "acc/mean1": 0.1346153846153846, "data_time": 3.331472158432007, "time": 4.130547642707825}