{"acc/top1": 0.0, "acc/top5": 0.0, "acc/mean1": 0.16666666666666666, "data_time": 8.386142373085022, "time": 9.248743653297424}