{"acc/top1": 0.0, "acc/top5": 0.0, "acc/mean1": 0.014492753623188406, "data_time": 2.6755683422088623, "time": 3.7640573978424072}