{"acc/top1": 0.0, "acc/top5": 0.0, "acc/mean1": 0.007246376811594203, "data_time": 2.9584099451700845, "time": 3.9795800844828286}