{"acc/top1": 0.0, "acc/top5": 0.0, "acc/mean1": 0.15625, "data_time": 6.07867956161499, "time": 7.279390811920166}