{"acc/top1": 0.0, "acc/top5": 0.0, "acc/mean1": 0.08333333333333333, "data_time": 3.3798699378967285, "time": 4.120944619178772}