{"acc/top1": 0.0, "acc/top5": 0.0, "acc/mean1": 0.1875, "data_time": 3.288745164871216, "time": 4.05253803730011}