{"acc/top1": 0.0, "acc/top5": 0.0, "acc/mean1": 0.03260869565217391, "data_time": 6.336591641108195, "time": 7.626940727233887}