{"acc/top1": 0.0, "acc/top5": 0.0, "acc/mean1": 0.2857142857142857, "data_time": 5.435912609100342, "time": 6.473827838897705}