{"acc/top1": 0.0, "acc/top5": 0.0, "acc/mean1": 0.007246376811594203, "data_time": 2.839627265930176, "time": 3.7899842262268066}