{"acc/top1": 0.0, "acc/top5": 0.0, "acc/mean1": 0.027777777777777776, "data_time": 9.027569770812988, "time": 9.634209036827087}